id,object_id,object_repr,action_flag,change_message,content_type_id,user_id,action_time
1,1,X OAuth,1,"[{""added"": {}}]",10,1,2024-08-14 12:19:20.895634
2,1,X OAuth,2,[],10,1,2024-08-14 12:19:43.112848
3,3,test1@mail.com,3,,14,1,2024-08-14 19:59:36.183035
4,2,test@mail.com,3,,14,1,2024-08-14 19:59:36.185035
5,4,aaaa@mail.com,3,,14,1,2024-08-14 20:04:40.575571
6,5,test@mail.com,3,,14,1,2024-08-14 20:16:51.772850
7,6,tester111@mail.com,3,,14,1,2024-08-14 20:16:51.778047
8,1,ヘッドボイス(Head Voice),1,"[{""added"": {}}]",17,1,2024-08-14 22:15:41.232393
9,2,ミックスボイス・ミドルボイス(Mixed Voice・Middle Voice),1,"[{""added"": {}}]",17,1,2024-08-14 23:02:38.162486
10,3,地声(表声),1,"[{""added"": {}}]",17,1,2024-08-14 23:22:44.570752
11,4,裏声(Falsetto・Wisper Voice),1,"[{""added"": {}}]",17,1,2024-08-14 23:30:56.142332
12,3,地声(Modal Register),2,"[{""changed"": {""fields"": [""\u7528\u8a9e\u540d""]}}]",17,1,2024-08-14 23:31:26.596259
13,4,裏声(Falsetto Register・Wisper Voice),2,"[{""changed"": {""fields"": [""\u7528\u8a9e\u540d""]}}]",17,1,2024-08-14 23:31:37.100978
14,3,地声(Modal Register),2,"[{""changed"": {""fields"": [""\u8aac\u660e""]}}]",17,1,2024-08-14 23:34:11.247990
15,2,ミックスボイス・ミドルボイス(Mixed Voice・Middle Voice),2,"[{""changed"": {""fields"": [""\u8aac\u660e""]}}]",17,1,2024-08-14 23:37:56.809103
16,1,ヘッドボイス(頭声・Head Voice),2,"[{""changed"": {""fields"": [""\u7528\u8a9e\u540d"", ""\u8aac\u660e""]}}]",17,1,2024-08-14 23:40:29.225300
17,3,地声(Modal Register・チェストボイス),2,"[{""changed"": {""fields"": [""\u7528\u8a9e\u540d""]}}]",17,1,2024-08-14 23:40:49.218009
18,3,地声(Modal Register・チェストボイス),2,"[{""changed"": {""fields"": [""\u8aac\u660e""]}}]",17,1,2024-08-14 23:41:42.752012
19,3,地声(Modal Register・チェストボイス),2,"[{""changed"": {""fields"": [""\u8aac\u660e""]}}]",17,1,2024-08-14 23:42:26.764414
20,5,声区,1,"[{""added"": {}}]",17,1,2024-08-14 23:53:51.310766
21,6,換声点(ブリッジエリア・チェンジ),1,"[{""added"": {}}]",17,1,2024-08-15 00:03:19.514498
22,7,ビブラート(Vibrato),1,"[{""added"": {}}]",17,1,2024-08-15 00:04:36.213796
23,8,こぶし,1,"[{""added"": {}}]",17,1,2024-08-15 00:14:29.957773
24,9,フォールダウン(フォール),1,"[{""added"": {}}]",17,1,2024-08-15 00:21:44.151185
25,9,フォールダウン(フォール),2,"[{""changed"": {""fields"": [""\u8aac\u660e""]}}]",17,1,2024-08-15 00:22:02.380582
26,10,ブレス(Breath),1,"[{""added"": {}}]",17,1,2024-08-15 00:33:35.350412
27,11,クレッシェンド (Crescendo),1,"[{""added"": {}}]",17,1,2024-08-15 00:41:45.715183
28,11,クレッシェンド (Crescendo),2,"[{""changed"": {""fields"": [""\u8aac\u660e""]}}]",17,1,2024-08-15 00:42:26.159426
29,12,デクレッシェンド (Decrescendo),1,"[{""added"": {}}]",17,1,2024-08-15 00:49:15.837322
30,13,がなり (Distortion・Raspy Voice),1,"[{""added"": {}}]",17,1,2024-08-15 01:02:57.383870
31,8,しゃくり上げ(しゃくり),2,"[{""changed"": {""fields"": [""\u7528\u8a9e\u540d""]}}]",17,1,2024-08-15 01:03:48.281297
32,14,こぶし(Fake Run),1,"[{""added"": {}}]",17,1,2024-08-15 01:07:11.321953
